slice_type,MAE,RMSE,R2,MAPE,mask_ratio,num_samples,num_valid
urllc,74.42920684814453,199.73500061035156,-1.986814301587752,37.843292236328125,0.9084828215262998,131560.0,119520.0
