slice_type,MAE,RMSE,R2,MAPE,mask_ratio,num_samples,num_valid
urllc,65.07361602783203,107.54364013671875,0.16902009530290252,32.87834930419922,0.8902772411480393,137173.0,122122.0
