slice_type,MAE,RMSE,R2,MAPE,mask_ratio,num_samples,num_valid
mmtc,29.810415267944336,43.16514587402344,0.19938400970465997,41.20243835449219,0.8994405024759373,139947.0,125874.0
