slice_type,MAE,RMSE,R2,MAPE,mask_ratio,num_samples,num_valid
urllc,80.29415893554688,149.29962158203125,0.42824550315589893,37.68585205078125,0.898826843861384,140561.0,126340.0
