slice_type,MAE,RMSE,R2,MAPE,mask_ratio,num_samples,num_valid
urllc,80.6599349975586,147.4459686279297,0.44235474133271246,38.24312210083008,0.898826843861384,140561.0,126340.0
