slice_type,MAE,RMSE,R2,MAPE,mask_ratio,num_samples,num_valid
embb,138.91635131835938,213.70034790039062,0.9578631406136059,7.075223922729492,0.8976506624457733,136464.0,122497.0
