slice_type,MAE,RMSE,R2,MAPE,mask_ratio,num_samples,num_valid
embb,78.85490417480469,107.37271881103516,0.9466952179497767,9132456.0,1.0,140346.0,140346.0
