slice_type,MAE,RMSE,R2,MAPE,mask_ratio,num_samples,num_valid
mmtc,34.91658020019531,53.336917877197266,0.08581634610451383,44.31986618041992,0.8985836260315828,140076.0,125870.0
