slice_type,MAE,RMSE,R2,MAPE,mask_ratio,num_samples,num_valid
mmtc,32.533180236816406,45.08823776245117,0.12645683234172989,47.957820892333984,0.8928563828655331,140979.0,125874.0
