slice_type,MAE,RMSE,R2,MAPE,mask_ratio,num_samples,num_valid
embb,52.39350509643555,76.67341613769531,0.9672983567193856,14.012651443481445,0.8937480991080838,141381.0,126359.0
