slice_type,MAE,RMSE,R2,MAPE,mask_ratio,num_samples,num_valid
mmtc,29.770727157592773,44.10556411743164,0.16411870184332833,40.31043243408203,0.8928563828655331,140979.0,125874.0
