slice_type,MAE,RMSE,R2,MAPE,mask_ratio,num_samples,num_valid
urllc,64.20570373535156,104.23763275146484,0.21932530075479006,33.29678726196289,0.8902772411480393,137173.0,122122.0
