slice_type,MAE,RMSE,R2,MAPE,mask_ratio,num_samples,num_valid
mmtc,34.38947296142578,52.9470329284668,0.09913252636439485,43.41929244995117,0.8985836260315828,140076.0,125870.0
