slice_type,MAE,RMSE,R2,MAPE,mask_ratio,num_samples,num_valid
urllc,64.3028564453125,102.92089080810547,0.23892380135619418,34.03237533569336,0.8968480112801833,136168.0,122122.0
