slice_type,MAE,RMSE,R2,MAPE,mask_ratio,num_samples,num_valid
urllc,81.84967803955078,150.05587768554688,0.4224384828400596,39.771244049072266,0.898826843861384,140561.0,126340.0
