slice_type,MAE,RMSE,R2,MAPE,mask_ratio,num_samples,num_valid
embb,44.39393615722656,69.869873046875,0.9728443763887694,10.593026161193848,0.900339161785872,140346.0,126359.0
