slice_type,MAE,RMSE,R2,MAPE,mask_ratio,num_samples,num_valid
mmtc,76.64875030517578,500.27398681640625,0.0403603970929759,62.359642028808594,0.8920180942652852,137060.0,122260.0
