slice_type,MAE,RMSE,R2,MAPE,mask_ratio,num_samples,num_valid
urllc,79.43656921386719,148.0404052734375,0.4378493214193645,36.794708251953125,0.898826843861384,140561.0,126340.0
