slice_type,MAE,RMSE,R2,MAPE,mask_ratio,num_samples,num_valid
urllc,77.27543640136719,218.91542053222656,-2.5883135422619934,39.09085464477539,0.8948353293413174,133600.0,119550.0
