slice_type,MAE,RMSE,R2,MAPE,mask_ratio,num_samples,num_valid
mmtc,31.283517837524414,47.3041877746582,0.03848295321412243,44.153385162353516,0.8928563828655331,140979.0,125874.0
