slice_type,MAE,RMSE,R2,MAPE,mask_ratio,num_samples,num_valid
embb,139.8844451904297,218.45135498046875,0.9559687343463634,7.123864650726318,0.8976506624457733,136464.0,122497.0
