slice_type,MAE,RMSE,R2,MAPE,mask_ratio,num_samples,num_valid
urllc,82.05419921875,147.65086364746094,0.44080387065388227,39.79103088378906,0.898826843861384,140561.0,126340.0
