epoch,train_total_loss,train_main_loss,train_smooth_loss,val_total_loss,val_main_loss,val_smooth_loss,lr,epoch_time_sec
1,15.916868186817387,15.793335467365198,0.8650686292076079,23.743285647913957,23.618810271822372,0.8716689570620736,0.0,70.67298007011414
