slice_type,MAE,RMSE,R2,MAPE,mask_ratio,num_samples,num_valid
mmtc,30.11339569091797,44.85251998901367,0.1355665849023936,40.67148208618164,0.8928563828655331,140979.0,125874.0
