slice_type,MAE,RMSE,R2,MAPE,mask_ratio,num_samples,num_valid
embb,117.76032257080078,163.22650146484375,0.9754171032767631,6.5794453620910645,0.8976506624457733,136464.0,122497.0
