slice_type,MAE,RMSE,R2,MAPE,mask_ratio,num_samples,num_valid
mmtc,34.710445404052734,53.324806213378906,0.08623136617089744,43.76402282714844,0.8985836260315828,140076.0,125870.0
