slice_type,MAE,RMSE,R2,MAPE,mask_ratio,num_samples,num_valid
embb,52.6597900390625,76.8111801147461,0.9671807401312735,13.790562629699707,0.8937480991080838,141381.0,126359.0
