slice_type,MAE,RMSE,R2,MAPE,mask_ratio,num_samples,num_valid
urllc,68.44352722167969,106.12451934814453,0.19080627315887944,37.13624572753906,0.8902772411480393,137173.0,122122.0
