slice_type,MAE,RMSE,R2,MAPE,mask_ratio,num_samples,num_valid
embb,137.24880981445312,200.17779541015625,0.9630271014083537,6.988362789154053,0.8976506624457733,136464.0,122497.0
