slice_type,MAE,RMSE,R2,MAPE,mask_ratio,num_samples,num_valid
mmtc,34.80427169799805,53.25385665893555,0.08866143937455495,44.13717269897461,0.8985836260315828,140076.0,125870.0
