slice_type,MAE,RMSE,R2,MAPE,mask_ratio,num_samples,num_valid
embb,121.75968170166016,166.22216796875,0.9745064927844718,7.163297176361084,0.8976506624457733,136464.0,122497.0
