slice_type,MAE,RMSE,R2,MAPE,mask_ratio,num_samples,num_valid
mmtc,36.142616271972656,53.37409210205078,0.08454154824706306,48.167259216308594,0.8985836260315828,140076.0,125870.0
