slice_type,MAE,RMSE,R2,MAPE,mask_ratio,num_samples,num_valid
embb,2404.573486328125,3652.797607421875,-10.25363478443965,94.7293930053711,0.8907276107533418,141463.0,126005.0
