slice_type,MAE,RMSE,R2,MAPE,mask_ratio,num_samples,num_valid
embb,118.43852233886719,162.683837890625,0.9755802902211227,6.827715873718262,0.8976506624457733,136464.0,122497.0
