slice_type,MAE,RMSE,R2,MAPE,mask_ratio,num_samples,num_valid
mmtc,75.17997741699219,471.37225341796875,0.5570979393749133,48.151641845703125,0.8944023026414416,133412.0,119324.0
