slice_type,MAE,RMSE,R2,MAPE,mask_ratio,num_samples,num_valid
mmtc,31.75851821899414,47.19248580932617,0.04301849445592354,44.89091491699219,0.8928563828655331,140979.0,125874.0
