slice_type,MAE,RMSE,R2,MAPE,mask_ratio,num_samples,num_valid
urllc,69.30728149414062,105.79357147216797,0.19584531096043623,38.2718505859375,0.9101017252300928,134185.0,122122.0
