slice_type,MAE,RMSE,R2,MAPE,mask_ratio,num_samples,num_valid
urllc,66.88912963867188,106.2418212890625,0.18901636909737562,35.47111892700195,0.8902772411480393,137173.0,122122.0
