slice_type,MAE,RMSE,R2,MAPE,mask_ratio,num_samples,num_valid
mmtc,35.1171989440918,53.13227844238281,0.09281776730315061,45.300148010253906,0.8985836260315828,140076.0,125870.0
