slice_type,MAE,RMSE,R2,MAPE,mask_ratio,num_samples,num_valid
mmtc,30.25774574279785,43.88966751098633,0.17228202065353526,42.285003662109375,0.8928563828655331,140979.0,125874.0
