slice_type,MAE,RMSE,R2,MAPE,mask_ratio,num_samples,num_valid
embb,55.12196350097656,123.74825286865234,0.8759657733302689,11.857211112976074,0.9127209057320493,134786.0,123022.0
