slice_type,MAE,RMSE,R2,MAPE,mask_ratio,num_samples,num_valid
embb,179.14051818847656,206.33544921875,0.7631749511840163,47.108642578125,0.8937480991080838,141381.0,126359.0
