slice_type,MAE,RMSE,R2,MAPE,mask_ratio,num_samples,num_valid
urllc,78.48298645019531,112.71052551269531,0.08725390701836988,46.03391647338867,0.8902772411480393,137173.0,122122.0
