slice_type,MAE,RMSE,R2,MAPE,mask_ratio,num_samples,num_valid
mmtc,74.31859588623047,473.39239501953125,0.5532935700174133,44.97052764892578,0.8944023026414416,133412.0,119324.0
