slice_type,MAE,RMSE,R2,MAPE,mask_ratio,num_samples,num_valid
mmtc,30.725526809692383,44.28255844116211,0.15739655344745374,43.45638656616211,0.912745545911375,137907.0,125874.0
