slice_type,MAE,RMSE,R2,MAPE,mask_ratio,num_samples,num_valid
urllc,81.21569061279297,146.85438537597656,0.4468205046111883,39.04709243774414,0.898826843861384,140561.0,126340.0
