slice_type,MAE,RMSE,R2,MAPE,mask_ratio,num_samples,num_valid
urllc,81.7195816040039,146.72064208984375,0.44782766879277514,39.68559646606445,0.898826843861384,140561.0,126340.0
