slice_type,MAE,RMSE,R2,MAPE,mask_ratio,num_samples,num_valid
embb,72.57097625732422,97.73538970947266,0.9468646425501552,19.93618392944336,0.900339161785872,140346.0,126359.0
