slice_type,MAE,RMSE,R2,MAPE,mask_ratio,num_samples,num_valid
mmtc,35.065948486328125,53.46057891845703,0.08157235744142421,44.68128204345703,0.8985836260315828,140076.0,125870.0
