slice_type,MAE,RMSE,R2,MAPE,mask_ratio,num_samples,num_valid
embb,124.15274047851562,167.08642578125,0.9742407010533806,6.576716899871826,0.8976506624457733,136464.0,122497.0
