slice_type,MAE,RMSE,R2,MAPE,mask_ratio,num_samples,num_valid
urllc,80.31232452392578,226.72036743164062,-2.8487413430179886,41.608211517333984,0.8948353293413174,133600.0,119550.0
