slice_type,MAE,RMSE,R2,MAPE,mask_ratio,num_samples,num_valid
embb,70.54081726074219,95.61434936523438,0.949145884824752,19.62178611755371,0.9138172929503312,138276.0,126359.0
