slice_type,MAE,RMSE,R2,MAPE,mask_ratio,num_samples,num_valid
mmtc,29.431730270385742,44.60677719116211,0.14501300745600598,40.12577819824219,0.8928563828655331,140979.0,125874.0
