slice_type,MAE,RMSE,R2,MAPE,mask_ratio,num_samples,num_valid
embb,83.42704010009766,134.0971221923828,0.8544002288831616,13.460739135742188,0.9411845751113697,130646.0,122962.0
