slice_type,MAE,RMSE,R2,MAPE,mask_ratio,num_samples,num_valid
embb,136.30641174316406,205.20079040527344,0.9611483256385882,6.976418972015381,0.8976506624457733,136464.0,122497.0
