slice_type,MAE,RMSE,R2,MAPE,mask_ratio,num_samples,num_valid
urllc,81.10918426513672,149.32745361328125,0.4280321993164298,38.95240020751953,0.898826843861384,140561.0,126340.0
