slice_type,MAE,RMSE,R2,MAPE,mask_ratio,num_samples,num_valid
embb,136.25177001953125,219.57330322265625,0.9555152918019896,6.995022296905518,0.8976506624457733,136464.0,122497.0
