epoch,train_total_loss,train_main_loss,train_smooth_loss,val_total_loss,val_main_loss,val_smooth_loss,lr,epoch_time_sec
1,3.6079277883153895,3.5674389363737786,0.8097772647597855,1.5403916716548827,1.5008469241133726,0.7908948921375686,0.0,48.542704582214355
