slice_type,MAE,RMSE,R2,MAPE,mask_ratio,num_samples,num_valid
urllc,65.33087921142578,106.00262451171875,0.19266410441086945,33.874507904052734,0.8902772411480393,137173.0,122122.0
