slice_type,MAE,RMSE,R2,MAPE,mask_ratio,num_samples,num_valid
mmtc,34.526695251464844,53.58377456665039,0.07733457773995756,42.95145797729492,0.8985836260315828,140076.0,125870.0
