slice_type,MAE,RMSE,R2,MAPE,mask_ratio,num_samples,num_valid
urllc,82.73316192626953,151.2371826171875,0.4133090889057056,40.390689849853516,0.898826843861384,140561.0,126340.0
