slice_type,MAE,RMSE,R2,MAPE,mask_ratio,num_samples,num_valid
mmtc,77.71265411376953,493.384765625,0.5147661150532381,51.89681625366211,0.9084984239618705,131342.0,119324.0
