slice_type,MAE,RMSE,R2,MAPE,mask_ratio,num_samples,num_valid
mmtc,34.987083435058594,53.72600555419922,0.07242990654205606,43.98135757446289,0.8985836260315828,140076.0,125870.0
