slice_type,MAE,RMSE,R2,MAPE,mask_ratio,num_samples,num_valid
embb,51.54841232299805,113.04363250732422,0.8964869702238175,9.33362102508545,0.8991348570760508,136856.0,123052.0
