slice_type,MAE,RMSE,R2,MAPE,mask_ratio,num_samples,num_valid
embb,138.27764892578125,216.92507934570312,0.9565818563252385,7.044771194458008,0.8976506624457733,136464.0,122497.0
