epoch,train_total_loss,train_main_loss,train_smooth_loss,val_total_loss,val_main_loss,val_smooth_loss,lr,epoch_time_sec
1,0.02556147282035424,0.021191675682684614,0.08739594036261522,0.015619796949369678,0.012376961896183621,0.06485670014148168,0.0,46.77437114715576
