slice_type,MAE,RMSE,R2,MAPE,mask_ratio,num_samples,num_valid
embb,63.68403625488281,86.3761215209961,0.95849816447574,17.39443588256836,0.8937480991080838,141381.0,126359.0
