slice_type,MAE,RMSE,R2,MAPE,mask_ratio,num_samples,num_valid
mmtc,35.009254455566406,52.90275573730469,0.10063860804230462,45.472686767578125,0.8985836260315828,140076.0,125870.0
