slice_type,MAE,RMSE,R2,MAPE,mask_ratio,num_samples,num_valid
urllc,82.15180969238281,148.43463134765625,0.43485132140273264,40.10408401489258,0.898826843861384,140561.0,126340.0
