epoch,train_total_loss,train_main_loss,train_smooth_loss,val_total_loss,val_main_loss,val_smooth_loss,lr,epoch_time_sec
1,0.02316193205264154,0.021379283564503297,0.08868564414132327,0.013571435574717322,0.012260569170183373,0.06521478499350888,0.0,45.75367188453674
