slice_type,MAE,RMSE,R2,MAPE,mask_ratio,num_samples,num_valid
urllc,79.67036437988281,149.8481903076172,0.4240360787020482,37.4706916809082,0.898826843861384,140561.0,126340.0
