slice_type,MAE,RMSE,R2,MAPE,mask_ratio,num_samples,num_valid
mmtc,34.931602478027344,53.414649963378906,0.08314976048113576,44.32865524291992,0.8985836260315828,140076.0,125870.0
