slice_type,MAE,RMSE,R2,MAPE,mask_ratio,num_samples,num_valid
embb,159.9264678955078,226.97592163085938,0.952465246844159,7.8226118087768555,0.8976506624457733,136464.0,122497.0
